category,type,name,ui_name,instanced,stack_size,stack_count,dlc,ai,internal,archetype
DA_InventoryCategory_Weapons,MeleeWeaponArchetype,DA_MeleeWeaponArchetype_Machete_AI,,1,0,0,0,1,0,/Game/DI2/BalancingData/Weapons/Melee/Swords/Machete/AI/DA_MeleeWeaponArchetype_Machete_AI.DA_MeleeWeaponArchetype_Machete_AI
DA_InventoryCategory_Weapons,MeleeWeaponArchetype,DA_MeleeWeaponArchetype_NamedPreorderMace,ABUELA'S ASHES,1,0,0,1,0,0,/Game/DI2/BalancingData/Weapons/Melee/Named/NamedPreorderMace/DA_MeleeWeaponArchetype_NamedPreorderMace.DA_MeleeWeaponArchetype_NamedPreorderMace
DA_InventoryCategory_Recipes,RecipeArchetype,DA_RecipeArchetype_WeaponPerk_IncreaseAccuracyWhenAimDownSights,ACCURATE PERK,0,0,1,0,0,0,/Game/DI2/Items/Pickups/WeaponPerks/DA_RecipeArchetype_WeaponPerk_IncreaseAccuracyWhenAimDownSights.DA_RecipeArchetype_WeaponPerk_IncreaseAccuracyWhenAimDownSights
DA_InventoryCategory_Ingredients,ItemArchetype,DA_ItemArchetype_Ingredients_Adhesive,ADHESIVE,0,99,1,0,0,0,/Game/DI2/BalancingData/Pickups/Ingredients/Resin/DA_ItemArchetype_Ingredients_Adhesive.DA_ItemArchetype_Ingredients_Adhesive
DA_InventoryCategory_Ingredients,ItemArchetype,DA_ItemArchetype_Ingredients_Aerosol,AEROSOL,0,99,1,0,0,0,/Game/DI2/BalancingData/Pickups/Ingredients/Alcohol/DA_ItemArchetype_Ingredients_Aerosol.DA_ItemArchetype_Ingredients_Aerosol
DA_InventoryCategory_Recipes,RecipeArchetype,DA_RecipeArchetype_WeaponPerk_IncreaseAgilityOnWeaponKill,AGILE PERK,0,0,1,0,0,0,/Game/DI2/Items/Pickups/WeaponPerks/DA_RecipeArchetype_WeaponPerk_IncreaseAgilityOnWeaponKill.DA_RecipeArchetype_WeaponPerk_IncreaseAgilityOnWeaponKill
DA_InventoryCategory_Ingredients,ItemArchetype,DA_ItemArchetype_Ingredients_Alloy,ALLOY,0,99,1,0,0,0,/Game/DI2/BalancingData/Pickups/Ingredients/MetalRod/DA_ItemArchetype_Ingredients_Alloy.DA_ItemArchetype_Ingredients_Alloy
DA_InventoryCategory_Weapons,RangedWeaponArchetype,DA_RangedWeaponArchetype_TacticalShotgun,ASSAULT SHOTGUN,1,0,0,0,0,0,/Game/DI2/BalancingData/Weapons/Ranged/Shotgun/TacticalShotgun/DA_RangedWeaponArchetype_TacticalShotgun.DA_RangedWeaponArchetype_TacticalShotgun
DA_InventoryCategory_Weapons,RangedWeaponArchetype,DA_RangedWeaponArchetype_AutoCarbine,AUTO CARBINE,1,0,0,0,0,0,/Game/DI2/BalancingData/Weapons/Ranged/Rifles/AutoCarbine/DA_RangedWeaponArchetype_AutoCarbine.DA_RangedWeaponArchetype_AutoCarbine
DA_InventoryCategory_Weapons,MeleeWeaponArchetype,DA_MeleeWeaponArchetype_Axe,AXE,1,0,0,0,0,0,/Game/DI2/BalancingData/Weapons/Melee/Axes/Axe/DA_MeleeWeaponArchetype_Axe.DA_MeleeWeaponArchetype_Axe
DA_InventoryCategory_Throwables,ThrowingWeaponArchetype,DA_ThrowingWeaponArchetype_BaitBomb,BAIT BOMB,0,0,1,0,0,0,/Game/DI2/BalancingData/Weapons/Throwable/BaitBomb/DA_ThrowingWeaponArchetype_BaitBomb.DA_ThrowingWeaponArchetype_BaitBomb
DA_InventoryCategory_Recipes,RecipeArchetype,DA_RecipeArchetype_WeaponPerk_Balanced,BALANCED PERK,0,0,1,0,0,0,/Game/DI2/Items/Pickups/WeaponPerks/DA_RecipeArchetype_WeaponPerk_Balanced.DA_RecipeArchetype_WeaponPerk_Balanced
DA_InventoryCategory_Recipes,RecipeArchetype,DA_RecipeArchetype_WeaponPerk_EXP2_Provisioning,BANDOLIER PERK,0,0,1,1,0,0,/Game/DI2/Expansion02/Items/Pickups/WeaponPerks/DA_RecipeArchetype_WeaponPerk_EXP2_Provisioning.DA_RecipeArchetype_WeaponPerk_EXP2_Provisioning
DA_InventoryCategory_Weapons,MeleeWeaponArchetype,DA_MeleeWeaponArchetype_NamedPreorderBaseballBat,BANOI BASEBALL BAT,1,0,0,1,0,0,/Game/DI2/BalancingData/Weapons/Melee/Named/NamedPreorderBaseballBat/DA_MeleeWeaponArchetype_NamedPreorderBaseballBat.DA_MeleeWeaponArchetype_NamedPreorderBaseballBat
DA_InventoryCategory_Weapons,MeleeWeaponArchetype,DA_MeleeWeaponArchetype_WarClub,BANOI WAR CLUB,1,0,0,1,0,0,/Game/DI2/BalancingData/Weapons/Melee/Clubs/WarClub/DA_MeleeWeaponArchetype_WarClub.DA_MeleeWeaponArchetype_WarClub
DA_InventoryCategory_Weapons,MeleeWeaponArchetype,DA_MeleeWeaponArchetype_WoodBaseballBat,BASEBALL BAT,1,0,0,0,0,0,/Game/DI2/BalancingData/Weapons/Melee/Clubs/WoodBaseballBat/DA_MeleeWeaponArchetype_WoodBaseballBat.DA_MeleeWeaponArchetype_WoodBaseballBat
DA_InventoryCategory_Weapons,RangedWeaponArchetype,DA_RangedWeaponArchetype_LegendaryRevolver,BIG SHOT,1,0,0,0,0,0,/Game/DI2/BalancingData/Weapons/Ranged/Legendary/LegendaryRevolver/DA_RangedWeaponArchetype_LegendaryRevolver.DA_RangedWeaponArchetype_LegendaryRevolver
DA_InventoryCategory_Weapons,MeleeWeaponArchetype,DA_MeleeWeaponArchetype_Named_VoodooPitch,BLACK MAGIC,1,0,0,0,0,0,/Game/DI2/BalancingData/Weapons/Melee/Named/VoodooPitch/DA_MeleeWeaponArchetype_Named_VoodooPitch.DA_MeleeWeaponArchetype_Named_VoodooPitch
DA_InventoryCategory_Ingredients,ItemArchetype,DA_ItemArchetype_ExoticMaterials_BladeArm,BLADE ARM,0,99,1,0,0,0,/Game/DI2/BalancingData/Pickups/ExoticIngredients/BladeArm/DA_ItemArchetype_ExoticMaterials_BladeArm.DA_ItemArchetype_ExoticMaterials_BladeArm
DA_InventoryCategory_Ingredients,ItemArchetype,DA_ItemArchetype_Ingredients_Blades,BLADES,0,99,1,0,0,0,/Game/DI2/BalancingData/Pickups/Ingredients/Blades/DA_ItemArchetype_Ingredients_Blades.DA_ItemArchetype_Ingredients_Blades
DA_InventoryCategory_Ingredients,ItemArchetype,DA_ItemArchetype_ExoticMaterials_BlastGland,BLAST GLAND,0,99,1,0,0,0,/Game/DI2/BalancingData/Pickups/ExoticIngredients/BlastGland/DA_ItemArchetype_ExoticMaterials_BlastGland.DA_ItemArchetype_ExoticMaterials_BlastGland
DA_InventoryCategory_Ingredients,ItemArchetype,DA_ItemArchetype_ExoticMaterials_BloatedSpleen,BLOATED SPLEEN,0,99,1,0,0,0,/Game/DI2/BalancingData/Pickups/ExoticIngredients/BloatedSpleen/DA_ItemArchetype_ExoticMaterials_BloatedSpleen.DA_ItemArchetype_ExoticMaterials_BloatedSpleen
DA_InventoryCategory_Weapons,MeleeWeaponArchetype,DA_MeleeWeaponArchetype_Legendary_Stiletto,BLOOD RAGE,1,0,0,0,0,0,/Game/DI2/BalancingData/Weapons/Melee/Daggers/Legendary/Stiletto/DA_MeleeWeaponArchetype_Legendary_Stiletto.DA_MeleeWeaponArchetype_Legendary_Stiletto
DA_InventoryCategory_Recipes,RecipeArchetype,DA_RecipeArchetype_WeaponPerk_IncreaseDamageAndFuryGainOnWeaponKill,BLOODTHIRSTY PERK,0,0,1,0,0,0,/Game/DI2/Items/Pickups/WeaponPerks/DA_RecipeArchetype_WeaponPerk_IncreaseDamageAndFuryGainOnWeaponKill.DA_RecipeArchetype_WeaponPerk_IncreaseDamageAndFuryGainOnWeaponKill
DA_InventoryCategory_Weapons,MeleeWeaponArchetype,DA_MeleeWeaponArchetype_BoStaff,BO STAFF,1,0,0,0,0,0,/Game/DI2/BalancingData/Weapons/Melee/Staffs/BoStaff/DA_MeleeWeaponArchetype_BoStaff.DA_MeleeWeaponArchetype_BoStaff
DA_InventoryCategory_Weapons,MeleeWeaponArchetype,DA_MeleeWeaponArchetype_BoStaff_Bleed,BO STAFF,1,0,0,0,0,0,/Game/DI2/BalancingData/Weapons/Melee/Staffs/BoStaff/PreModded/DA_MeleeWeaponArchetype_BoStaff_Bleed.DA_MeleeWeaponArchetype_BoStaff_Bleed
DA_InventoryCategory_Weapons,RangedWeaponArchetype,DA_RangedWeaponArchetype_Legendary_Bodycount,BODYCOUNT,1,0,0,0,0,0,/Game/DI2/BalancingData/Weapons/Ranged/Legendary/Bodycount/DA_RangedWeaponArchetype_Legendary_Bodycount.DA_RangedWeaponArchetype_Legendary_Bodycount
DA_InventoryCategory_Weapons,MeleeWeaponArchetype,DA_MeleeWeaponArchetype_BowieKnife,BOWIE KNIFE,1,0,0,0,0,0,/Game/DI2/BalancingData/Weapons/Melee/Knives/BowieKnife/DA_MeleeWeaponArchetype_BowieKnife.DA_MeleeWeaponArchetype_BowieKnife
DA_InventoryCategory_Weapons,MeleeWeaponArchetype,DA_MeleeWeaponArchetype_BrassKnuckles,BRASS KNUCKLES,1,0,0,0,0,0,/Game/DI2/BalancingData/Weapons/Melee/Fists/BrassKnuckles/DA_MeleeWeaponArchetype_BrassKnuckles.DA_MeleeWeaponArchetype_BrassKnuckles
DA_InventoryCategory_Weapons,MeleeWeaponArchetype,DA_MeleeWeaponArchetype_LegendaryMachete,BRUTALIZER,1,0,0,0,0,0,/Game/DI2/BalancingData/Weapons/Melee/Swords/Legendary/LegendaryMachete/DA_MeleeWeaponArchetype_LegendaryMachete.DA_MeleeWeaponArchetype_LegendaryMachete
DA_InventoryCategory_Weapons,MeleeWeaponArchetype,DA_MeleeWeaponArchetype_BurntTimberBeam,BURNT TIMBER,1,0,0,0,0,0,/Game/DI2/BalancingData/Weapons/Melee/Clubs/BurntTimberBeam/DA_MeleeWeaponArchetype_BurntTimberBeam.DA_MeleeWeaponArchetype_BurntTimberBeam
DA_InventoryCategory_Weapons,RangedWeaponArchetype,DA_RangedWeaponArchetype_Carbine,BURST-FIRE CARBINE,1,0,0,0,0,0,/Game/DI2/BalancingData/Weapons/Ranged/Rifles/Carbine/DA_RangedWeaponArchetype_Carbine.DA_RangedWeaponArchetype_Carbine
DA_InventoryCategory_Weapons,MeleeWeaponArchetype,DA_MeleeWeaponArchetype_PremiumMattock,Brainzzz-Biter,1,0,0,1,0,0,/Game/DI2/DLCPack04/BalancingData/Weapons/DA_MeleeWeaponArchetype_PremiumMattock.DA_MeleeWeaponArchetype_PremiumMattock
DA_InventoryCategory_Special,ItemArchetype,DA_InventoryTypes_Special_CashItem,CASH,0,999999999,1,0,0,0,/Game/DI2/Items/Special/DA_InventoryTypes_Special_CashItem.DA_InventoryTypes_Special_CashItem
DA_InventoryCategory_Throwables,ThrowingWeaponArchetype,DA_ThrowingWeaponArchetype_AcidBomb,CAUSTIC-X BOMB,0,0,1,0,0,0,/Game/DI2/BalancingData/Weapons/Throwable/AcidBomb/DA_ThrowingWeaponArchetype_AcidBomb.DA_ThrowingWeaponArchetype_AcidBomb
DA_InventoryCategory_Weapons,MeleeWeaponArchetype,DA_MeleeWeaponArchetype_ChefKnife,CHEF'S KNIFE,1,0,0,0,0,0,/Game/DI2/BalancingData/Weapons/Melee/Knives/ChefsKnife/DA_MeleeWeaponArchetype_ChefKnife.DA_MeleeWeaponArchetype_ChefKnife
DA_InventoryCategory_Throwables,ThrowingWeaponArchetype,DA_ThrowingWeaponArchetype_ChemBomb,CHEM BOMB,0,0,1,0,0,0,/Game/DI2/BalancingData/Weapons/Throwable/ChemBomb/DA_ThrowingWeaponArchetype_ChemBomb.DA_ThrowingWeaponArchetype_ChemBomb
DA_InventoryCategory_Ingredients,ItemArchetype,DA_ItemArchetype_Ingredients_Chemicals,CHEMICALS,0,99,1,0,0,0,/Game/DI2/BalancingData/Pickups/Ingredients/Chemicals/DA_ItemArchetype_Ingredients_Chemicals.DA_ItemArchetype_Ingredients_Chemicals
DA_InventoryCategory_Ingredients,ItemArchetype,DA_ItemArchetype_ExoticMaterials_ChthonicIchor,CHTHONIC ICHOR,0,99,1,0,0,0,/Game/DI2/BalancingData/Pickups/ExoticIngredients/CorrosiveFluid/DA_ItemArchetype_ExoticMaterials_ChthonicIchor.DA_ItemArchetype_ExoticMaterials_ChthonicIchor
DA_InventoryCategory_Weapons,MeleeWeaponArchetype,DA_MeleeWeaponArchetype_ClawHammer,CLAW HAMMER,1,0,0,0,0,0,/Game/DI2/BalancingData/Weapons/Melee/Hammers/ClawHammer/DA_MeleeWeaponArchetype_ClawHammer.DA_MeleeWeaponArchetype_ClawHammer
DA_InventoryCategory_Weapons,MeleeWeaponArchetype,DA_MeleeWeaponArchetype_ClawHammer_Fire,CLAW HAMMER,1,0,0,0,0,0,/Game/DI2/BalancingData/Weapons/Melee/Hammers/ClawHammer/PreModded/DA_MeleeWeaponArchetype_ClawHammer_Fire.DA_MeleeWeaponArchetype_ClawHammer_Fire
DA_InventoryCategory_Weapons,MeleeWeaponArchetype,DA_MeleeWeaponArchetype_Claws,CLAWS,1,0,0,0,0,0,/Game/DI2/BalancingData/Weapons/Melee/Fists/Claws/DA_MeleeWeaponArchetype_Claws.DA_MeleeWeaponArchetype_Claws
DA_InventoryCategory_Weapons,MeleeWeaponArchetype,DA_MeleeWeaponArchetype_Claymore,CLAYMORE,1,0,0,0,0,0,/Game/DI2/BalancingData/Weapons/Melee/Swords/Claymore/DA_MeleeWeaponArchetype_Claymore.DA_MeleeWeaponArchetype_Claymore
DA_InventoryCategory_Weapons,MeleeWeaponArchetype,DA_MeleeWeaponArchetype_Cleaver,CLEAVER,1,0,0,0,0,0,/Game/DI2/BalancingData/Weapons/Melee/Knives/Cleaver/DA_MeleeWeaponArchetype_Cleaver.DA_MeleeWeaponArchetype_Cleaver
DA_InventoryCategory_Weapons,MeleeWeaponArchetype,DA_MeleeWeaponArchetype_Cudgel,CLUB,1,0,0,0,0,0,/Game/DI2/BalancingData/Weapons/Melee/Clubs/Cudgel/DA_MeleeWeaponArchetype_Cudgel.DA_MeleeWeaponArchetype_Cudgel
DA_InventoryCategory_Weapons,MeleeWeaponArchetype,DA_MeleeWeaponArchetype_CompositeSledgehammer,COMPOSITE SLEDGEHAMMER,1,0,0,0,0,0,/Game/DI2/BalancingData/Weapons/Melee/Hammers/CompositeSledgehammer/DA_MeleeWeaponArchetype_CompositeSledgehammer.DA_MeleeWeaponArchetype_CompositeSledgehammer
DA_InventoryCategory_Recipes,RecipeArchetype,DA_RecipeArchetype_WeaponPerk_EXP2_PowerHit,CONCUSSION PERK,0,0,1,1,0,0,/Game/DI2/Expansion02/Items/Pickups/WeaponPerks/DA_RecipeArchetype_WeaponPerk_EXP2_PowerHit.DA_RecipeArchetype_WeaponPerk_EXP2_PowerHit
DA_InventoryCategory_Weapons,MeleeWeaponArchetype,DA_MeleeWeaponArchetype_CrescentBlade,CRESCENT BLADES,1,0,0,0,0,0,/Game/DI2/BalancingData/Weapons/Melee/Fists/CrescentBlade/DA_MeleeWeaponArchetype_CrescentBlade.DA_MeleeWeaponArchetype_CrescentBlade
DA_InventoryCategory_Weapons,RangedWeaponArchetype,DA_RangedWeaponArchetype_Crossbow,CROSSBOW,1,0,0,0,0,0,/Game/DI2/BalancingData/Weapons/Ranged/CrossBow/DA_RangedWeaponArchetype_Crossbow.DA_RangedWeaponArchetype_Crossbow
DA_InventoryCategory_Ammo,ItemArchetype,DA_AmmoArchetype_CrossbowBoltsAmmo,CROSSBOW BOLTS,0,15,1,1,0,0,/Game/DI2/BalancingData/Weapons/Ranged/Ammo/CrossbowBolts/DA_AmmoArchetype_CrossbowBoltsAmmo.DA_AmmoArchetype_CrossbowBoltsAmmo
DA_InventoryCategory_Recipes,RecipeArchetype,DA_RecipeArchetype_CrossbowBolts,CROSSBOW BOLTS,0,0,0,1,0,0,/Game/DI2/BalancingData/Recipes/Ammo/DA_RecipeArchetype_CrossbowBolts.DA_RecipeArchetype_CrossbowBolts
DA_InventoryCategory_Weapons,MeleeWeaponArchetype,DA_MeleeWeaponArchetype_Crowbar,CROWBAR,1,0,0,0,0,0,/Game/DI2/BalancingData/Weapons/Melee/Clubs/Crowbar/DA_MeleeWeaponArchetype_Crowbar.DA_MeleeWeaponArchetype_Crowbar
DA_InventoryCategory_Weapons,MeleeWeaponArchetype,DA_MeleeWeaponArchetype_PremiumKatana,Casimir,1,0,0,1,0,0,/Game/DI2/DLCPack01/BalancingData/Weapons/PremiumKatana/DA_MeleeWeaponArchetype_PremiumKatana.DA_MeleeWeaponArchetype_PremiumKatana
DA_InventoryCategory_Weapons,MeleeWeaponArchetype,DA_MeleeWeaponArchetype_Dagger,DAGGER,1,0,0,0,0,0,/Game/DI2/BalancingData/Weapons/Melee/Daggers/Dagger/DA_MeleeWeaponArchetype_Dagger.DA_MeleeWeaponArchetype_Dagger
DA_InventoryCategory_Weapons,MeleeWeaponArchetype,DA_MeleeWeaponArchetype_EXP1_NamedMace,DEAD ISLANDS,1,0,0,1,0,0,/Game/DI2/Expansion01/BalancingData/Weapons/NamedMace/DA_MeleeWeaponArchetype_EXP1_NamedMace.DA_MeleeWeaponArchetype_EXP1_NamedMace
DA_InventoryCategory_Weapons,MeleeWeaponArchetype,DA_MeleeWeaponArchetype_DeerHornKnife,DEER HORN KNIFE,1,0,0,0,0,0,/Game/DI2/BalancingData/Weapons/Melee/Knives/DeerHornknife/DA_MeleeWeaponArchetype_DeerHornKnife.DA_MeleeWeaponArchetype_DeerHornKnife
DA_InventoryCategory_Recipes,RecipeArchetype,DA_RecipeArchetype_WeaponPerk_EXP2_Siphon,DISARMER PERK,0,0,1,1,0,0,/Game/DI2/Expansion02/Items/Pickups/WeaponPerks/DA_RecipeArchetype_WeaponPerk_EXP2_Siphon.DA_RecipeArchetype_WeaponPerk_EXP2_Siphon
DA_InventoryCategory_Recipes,RecipeArchetype,DA_RecipeArchetype_WeaponPerk_IncreaseOwnerDamageOnOwnerLowHealth,DO OR DIE PERK,0,0,1,0,0,0,/Game/DI2/Items/Pickups/WeaponPerks/DA_RecipeArchetype_WeaponPerk_IncreaseOwnerDamageOnOwnerLowHealth.DA_RecipeArchetype_WeaponPerk_IncreaseOwnerDamageOnOwnerLowHealth
DA_InventoryCategory_Weapons,DebugFluidSpawnerArchetype,DA_DebugFluidSpawnerArchetype,Debug Fluid Spawner,1,0,0,0,0,1,/Game/DI2/Items/DebugWeapons/DA_DebugFluidSpawnerArchetype.DA_DebugFluidSpawnerArchetype
DA_InventoryCategory_Weapons,DebugMeleeWeaponArchetype,DA_DebugMeleeWeaponArchetype_DebugMeleeWeapon,Debug Weapon,1,0,0,0,0,1,/Game/DI2/Items/DebugWeapons/DA_DebugMeleeWeaponArchetype_DebugMeleeWeapon.DA_DebugMeleeWeaponArchetype_DebugMeleeWeapon
DA_InventoryCategory_Throwables,ThrowingWeaponArchetype,DA_ThrowingWeaponArchetype_ElectricBomb,ELECTRIC BOMB,0,0,1,0,0,0,/Game/DI2/BalancingData/Weapons/Throwable/ElectricBomb/DA_ThrowingWeaponArchetype_ElectricBomb.DA_ThrowingWeaponArchetype_ElectricBomb
DA_InventoryCategory_Throwables,ThrowingWeaponArchetype,DA_ThrowingWeaponArchetype_ElectricStar,ELECTRIC STAR,0,0,1,0,0,0,/Game/DI2/BalancingData/Weapons/Throwable/ElectricStar/DA_ThrowingWeaponArchetype_ElectricStar.DA_ThrowingWeaponArchetype_ElectricStar
DA_InventoryCategory_Ingredients,ItemArchetype,DA_ItemArchetype_ExoticMaterials_ElectrifiedBrain,ELECTRIFIED BRAIN,0,99,1,0,0,0,/Game/DI2/BalancingData/Pickups/ExoticIngredients/RamSpinalFluid/DA_ItemArchetype_ExoticMaterials_ElectrifiedBrain.DA_ItemArchetype_ExoticMaterials_ElectrifiedBrain
DA_InventoryCategory_Ingredients,ItemArchetype,DA_ItemArchetype_Ingredients_Electronics,ELECTRONICS,0,99,1,0,0,0,/Game/DI2/BalancingData/Pickups/Ingredients/Electronics/DA_ItemArchetype_Ingredients_Electronics.DA_ItemArchetype_Ingredients_Electronics
DA_InventoryCategory_Weapons,MeleeWeaponArchetype,DA_MeleeWeaponArchetype_Legendary_Warhammer,EMMA'S WRATH,1,0,0,0,0,0,/Game/DI2/BalancingData/Weapons/Melee/Hammers/Legendary/DA_MeleeWeaponArchetype_Legendary_Warhammer.DA_MeleeWeaponArchetype_Legendary_Warhammer
DA_InventoryCategory_Recipes,RecipeArchetype,DA_RecipeArchetype_WeaponPerk_Empowering,EMPOWERING PERK,0,0,1,0,0,0,/Game/DI2/Items/Pickups/WeaponPerks/DA_RecipeArchetype_WeaponPerk_Empowering.DA_RecipeArchetype_WeaponPerk_Empowering
DA_InventoryCategory_Weapons,MeleeWeaponArchetype,DA_MeleeWeaponArchetype_LumpHammer,ENGINEER'S HAMMER,1,0,0,0,0,0,/Game/DI2/BalancingData/Weapons/Melee/Hammers/LumpHammer/DA_MeleeWeaponArchetype_LumpHammer.DA_MeleeWeaponArchetype_LumpHammer
DA_InventoryCategory_Weapons,RangedWeaponArchetype,DA_RangedWeaponArchetype_NamedHeavyRevolver,EXTINCTION EVENT,1,0,0,0,0,0,/Game/DI2/BalancingData/Weapons/Ranged/Named/NamedHeavyRevolver/DA_RangedWeaponArchetype_NamedHeavyRevolver.DA_RangedWeaponArchetype_NamedHeavyRevolver
DA_InventoryCategory_Weapons,MeleeWeaponArchetype,DA_MeleeWeaponArchetype_NamedPreorderHayFork,EYE-OPENER,1,0,0,1,0,0,/Game/DI2/BalancingData/Weapons/Melee/Named/NamedPreorderHayfork/DA_MeleeWeaponArchetype_NamedPreorderHayFork.DA_MeleeWeaponArchetype_NamedPreorderHayFork
DA_InventoryCategory_Recipes,RecipeArchetype,DA_SkillArchetype_ElectricScream,Electric Scream Skill Card,0,0,1,0,0,0,/Game/DI2/Items/Pickups/Skills/DA_SkillArchetype_ElectricScream.DA_SkillArchetype_ElectricScream
DA_InventoryCategory_Ingredients,ItemArchetype,DA_ItemArchetype_Ingredients_Fabric,FABRIC,0,99,1,0,0,0,/Game/DI2/BalancingData/Pickups/Ingredients/Bandages/DA_ItemArchetype_Ingredients_Fabric.DA_ItemArchetype_Ingredients_Fabric
DA_InventoryCategory_Ingredients,ItemArchetype,DA_ItemArchetype_Ingredients_Fasteners,FASTENERS,0,99,1,0,0,0,/Game/DI2/BalancingData/Pickups/Ingredients/Screws/DA_ItemArchetype_Ingredients_Fasteners.DA_ItemArchetype_Ingredients_Fasteners
DA_InventoryCategory_Weapons,RangedWeaponArchetype,DA_RangedWeaponArchetype_NamedPreorderShortShotgun,FENRIR'S HOWL,1,0,0,1,0,0,/Game/DI2/BalancingData/Weapons/Ranged/Named/NamedPreorderShortShotgun/DA_RangedWeaponArchetype_NamedPreorderShortShotgun.DA_RangedWeaponArchetype_NamedPreorderShortShotgun
DA_InventoryCategory_Weapons,MeleeWeaponArchetype,DA_MeleeWeaponArchetype_FireAxe,FIRE AXE,1,0,0,0,0,0,/Game/DI2/BalancingData/Weapons/Melee/Axes/FireAxe/DA_MeleeWeaponArchetype_FireAxe.DA_MeleeWeaponArchetype_FireAxe
DA_InventoryCategory_Special,MeleeWeaponArchetype,DA_MeleeWeaponArchetype_BareHands,FISTS,1,0,0,0,0,0,/Game/DI2/BalancingData/Weapons/Melee/Fists/BareHands/DA_MeleeWeaponArchetype_BareHands.DA_MeleeWeaponArchetype_BareHands
DA_InventoryCategory_Ingredients,ItemArchetype,DA_ItemArchetype_ExoticMaterials_CombustibleFluid,FLAMMABLE FLUID,0,99,1,0,0,0,/Game/DI2/BalancingData/Pickups/ExoticIngredients/CombustibleFluid/DA_ItemArchetype_ExoticMaterials_CombustibleFluid.DA_ItemArchetype_ExoticMaterials_CombustibleFluid
DA_InventoryCategory_Throwables,ThrowingWeaponArchetype,DA_ThrowingWeaponArchetype_Flashbang,FLASHBANG,0,0,1,0,0,0,/Game/DI2/BalancingData/Weapons/Throwable/Flashbang/DA_ThrowingWeaponArchetype_Flashbang.DA_ThrowingWeaponArchetype_Flashbang
DA_InventoryCategory_Weapons,MeleeWeaponArchetype,DA_MeleeWeaponArchetype_BasePackClaws,FOMOrian Claws,1,0,0,1,0,0,/Game/DI2/DLCBasePack01/BalancingData/Weapons/DaniClaws/DA_MeleeWeaponArchetype_BasePackClaws.DA_MeleeWeaponArchetype_BasePackClaws
DA_InventoryCategory_Consumables,ItemArchetype,DA_InventoryTypes_KeyItems_Fuse,FUSE,0,3,1,0,0,0,/Game/DI2/Items/Consumables/DA_InventoryTypes_KeyItems_Fuse.DA_InventoryTypes_KeyItems_Fuse
DA_InventoryCategory_Special,MeleeWeaponArchetype,DA_MeleeWeaponArchetype_FuryFists,Fury Fists,1,0,0,0,0,0,/Game/DI2/BalancingData/Weapons/Melee/Fists/FuryFists/DA_MeleeWeaponArchetype_FuryFists.DA_MeleeWeaponArchetype_FuryFists
DA_InventoryCategory_Weapons,MeleeWeaponArchetype,DA_MeleeWeaponArchetype_Named_GastricBypass,GASTRIC BYPASS,1,0,0,0,0,0,/Game/DI2/BalancingData/Weapons/Melee/Named/GastricBypass/DA_MeleeWeaponArchetype_Named_GastricBypass.DA_MeleeWeaponArchetype_Named_GastricBypass
DA_InventoryCategory_Weapons,MeleeWeaponArchetype,DA_MeleeWeaponArchetype_GolfClub,GOLF CLUB,1,0,0,0,0,0,/Game/DI2/BalancingData/Weapons/Melee/Clubs/GolfClub/DA_MeleeWeaponArchetype_GolfClub.DA_MeleeWeaponArchetype_GolfClub
DA_InventoryCategory_Ingredients,ItemArchetype,DA_ItemArchetype_Ingredients_Gunpowder,GUNPOWDER,0,99,1,0,0,0,/Game/DI2/BalancingData/Pickups/Ingredients/Gunpowder/DA_ItemArchetype_Ingredients_Gunpowder.DA_ItemArchetype_Ingredients_Gunpowder
DA_InventoryCategory_Recipes,RecipeArchetype,DA_RecipeArchetype_WeaponPerk_IncreaseRateOfFireAndRecoil,HAIR-TRIGGER PERK,0,0,1,0,0,0,/Game/DI2/Items/Pickups/WeaponPerks/DA_RecipeArchetype_WeaponPerk_IncreaseRateOfFireAndRecoil.DA_RecipeArchetype_WeaponPerk_IncreaseRateOfFireAndRecoil
DA_InventoryCategory_Recipes,RecipeArchetype,DA_RecipeArchetype_WeaponPerk_Hazardous,HAZARDOUS PERK,0,0,1,0,0,0,/Game/DI2/Items/Pickups/WeaponPerks/DA_RecipeArchetype_WeaponPerk_Hazardous.DA_RecipeArchetype_WeaponPerk_Hazardous
DA_InventoryCategory_Weapons,MeleeWeaponArchetype,DA_MeleeWeaponArchetype_EXP2_NamedGuitarAxe,HEAVY METAL,1,0,0,1,0,0,/Game/DI2/Expansion02/BalancingData/Weapons/NamedGuitarAxe/DA_MeleeWeaponArchetype_EXP2_NamedGuitarAxe.DA_MeleeWeaponArchetype_EXP2_NamedGuitarAxe
DA_InventoryCategory_Weapons,RangedWeaponArchetype,DA_RangedWeaponArchetype_HeavyRevolver,HEAVY REVOLVER,1,0,0,0,0,0,/Game/DI2/BalancingData/Weapons/Ranged/Handgun/HeavyRevolver/DA_RangedWeaponArchetype_HeavyRevolver.DA_RangedWeaponArchetype_HeavyRevolver
DA_InventoryCategory_Ammo,ItemArchetype,DA_AmmoArchetype_HeavyRoundsAmmo,HEAVY ROUNDS,0,30,1,0,0,0,/Game/DI2/BalancingData/Weapons/Ranged/Ammo/HeavyRounds/DA_AmmoArchetype_HeavyRoundsAmmo.DA_AmmoArchetype_HeavyRoundsAmmo
DA_InventoryCategory_Recipes,RecipeArchetype,DA_RecipeArchetype_HeavyRounds,HEAVY ROUNDS,0,0,0,0,0,0,/Game/DI2/BalancingData/Recipes/Ammo/DA_RecipeArchetype_HeavyRounds.DA_RecipeArchetype_HeavyRounds
DA_InventoryCategory_Weapons,MeleeWeaponArchetype,DA_MeleeWeaponArchetype_HeavyWrench,HEAVY WRENCH,1,0,0,0,0,0,/Game/DI2/BalancingData/Weapons/Melee/Clubs/HeavyWrench/DA_MeleeWeaponArchetype_HeavyWrench.DA_MeleeWeaponArchetype_HeavyWrench
DA_InventoryCategory_Recipes,RecipeArchetype,DA_RecipeArchetype_WeaponPerk_IncreaseDamageIncreaseRecoilDecreaseMagazineSize,HIGH-CALIBER PERK,0,0,1,0,0,0,/Game/DI2/Items/Pickups/WeaponPerks/DA_RecipeArchetype_WeaponPerk_IncreaseDamageIncreaseRecoilDecreaseMagazineSize.DA_RecipeArchetype_WeaponPerk_IncreaseDamageIncreaseRecoilDecreaseMagazineSize
DA_InventoryCategory_Weapons,MeleeWeaponArchetype,DA_MeleeWeaponArchetype_EXP1_NamedAxe,HOG ROASTER,1,0,0,1,0,0,/Game/DI2/Expansion01/BalancingData/Weapons/NamedAxe/DA_MeleeWeaponArchetype_EXP1_NamedAxe.DA_MeleeWeaponArchetype_EXP1_NamedAxe
DA_InventoryCategory_Weapons,MeleeWeaponArchetype,DA_MeleeWeaponArchetype_NamedPreorderWoodSledgehammer,HOMEWRECKER,1,0,0,1,0,0,/Game/DI2/BalancingData/Weapons/Melee/Named/NamedPreorderSledgehammer/DA_MeleeWeaponArchetype_NamedPreorderWoodSledgehammer.DA_MeleeWeaponArchetype_NamedPreorderWoodSledgehammer
DA_InventoryCategory_Recipes,RecipeArchetype,DA_RecipeArchetype_WeaponPerk_Honed,HONED PERK,0,0,1,0,0,0,/Game/DI2/Items/Pickups/WeaponPerks/DA_RecipeArchetype_WeaponPerk_Honed.DA_RecipeArchetype_WeaponPerk_Honed
DA_InventoryCategory_Throwables,ThrowingWeaponArchetype,DA_ThrowingWeaponArchetype_InsectSwarmCurveball,HORNET'S NEST,0,0,1,1,0,0,/Game/DI2/Expansion02/BalancingData/Weapons/Throwable/DA_ThrowingWeaponArchetype_InsectSwarmCurveball.DA_ThrowingWeaponArchetype_InsectSwarmCurveball
DA_InventoryCategory_Weapons,MeleeWeaponArchetype,DA_MeleeWeaponArchetype_HuntingKnife,HUNTING KNIFE,1,0,0,0,0,0,/Game/DI2/BalancingData/Weapons/Melee/Daggers/HuntingKnife/DA_MeleeWeaponArchetype_HuntingKnife.DA_MeleeWeaponArchetype_HuntingKnife
DA_InventoryCategory_Weapons,RangedWeaponArchetype,DA_RangedWeaponArchetype_HuntingRifle,HUNTING RIFLE,1,0,0,0,0,0,/Game/DI2/BalancingData/Weapons/Ranged/Rifles/HuntingRifle/DA_RangedWeaponArchetype_HuntingRifle.DA_RangedWeaponArchetype_HuntingRifle
DA_InventoryCategory_Weapons,MeleeWeaponArchetype,DA_MeleeWeaponArchetype_ImprovHammer,IMPROVISED HAMMER,1,0,0,0,0,0,/Game/DI2/BalancingData/Weapons/Melee/Hammers/ImprovHammer/DA_MeleeWeaponArchetype_ImprovHammer.DA_MeleeWeaponArchetype_ImprovHammer
DA_InventoryCategory_Ingredients,ItemArchetype,DA_ItemArchetype_ExoticMaterials_InfectedBlood,INFECTED BLOOD,0,99,1,0,0,0,/Game/DI2/BalancingData/Pickups/ExoticIngredients/InfectedBlood/DA_ItemArchetype_ExoticMaterials_InfectedBlood.DA_ItemArchetype_ExoticMaterials_InfectedBlood
DA_InventoryCategory_Ingredients,ItemArchetype,DA_ItemArchetype_ExoticMaterials_InfectedFlesh,INFECTED FLESH,0,99,1,0,0,0,/Game/DI2/BalancingData/Pickups/ExoticIngredients/InfectedFlesh/DA_ItemArchetype_ExoticMaterials_InfectedFlesh.DA_ItemArchetype_ExoticMaterials_InfectedFlesh
DA_InventoryCategory_Ingredients,ItemArchetype,DA_ItemArchetype_ExoticMaterials_InfectedSinew,INFECTED SINEW,0,99,1,0,0,0,/Game/DI2/BalancingData/Pickups/ExoticIngredients/InfectedSinew/DA_ItemArchetype_ExoticMaterials_InfectedSinew.DA_ItemArchetype_ExoticMaterials_InfectedSinew
DA_InventoryCategory_Ingredients,ItemArchetype,DA_ItemArchetype_ExoticMaterials_InfectedSpine,INFECTED SPINE,0,99,1,0,0,0,/Game/DI2/BalancingData/Pickups/ExoticIngredients/InfectedSpine/DA_ItemArchetype_ExoticMaterials_InfectedSpine.DA_ItemArchetype_ExoticMaterials_InfectedSpine
DA_InventoryCategory_Ingredients,ItemArchetype,DA_ItemArchetype_ExoticMaterials_InsectLarva,INSECT LARVAE,0,99,1,0,0,0,/Game/DI2/BalancingData/Pickups/ExoticIngredients/InsectLarva/DA_ItemArchetype_ExoticMaterials_InsectLarva.DA_ItemArchetype_ExoticMaterials_InsectLarva
DA_InventoryCategory_Weapons,MeleeWeaponArchetype,DA_MeleeWeaponArchetype_NamedWhisperingBlade,JADE DRAGON,1,0,0,0,0,0,/Game/DI2/BalancingData/Weapons/Melee/Named/NamedWhisperingBlade/DA_MeleeWeaponArchetype_NamedWhisperingBlade.DA_MeleeWeaponArchetype_NamedWhisperingBlade
DA_InventoryCategory_Weapons,MeleeWeaponArchetype,DA_MeleeWeaponArchetype_PremiumWakizashi,Julienne,1,0,0,1,0,0,/Game/DI2/DLCPack01/BalancingData/Weapons/PremiumWakizashi/DA_MeleeWeaponArchetype_PremiumWakizashi.DA_MeleeWeaponArchetype_PremiumWakizashi
DA_InventoryCategory_Weapons,RangedWeaponArchetype,DA_RangedWeaponArchetype_EXP1_NamedCrossbow_V2,K-PROTOTYPE,1,0,0,1,0,0,/Game/DI2/Expansion01/BalancingData/Weapons/NamedCrossbow/CrossbowVariant/DA_RangedWeaponArchetype_EXP1_NamedCrossbow_V2.DA_RangedWeaponArchetype_EXP1_NamedCrossbow_V2
DA_InventoryCategory_Weapons,RangedWeaponArchetype,DA_RangedWeaponArchetype_EXP1_NamedCrossbow,K-ROSSBOW,1,0,0,1,0,0,/Game/DI2/Expansion01/BalancingData/Weapons/NamedCrossbow/DA_RangedWeaponArchetype_EXP1_NamedCrossbow.DA_RangedWeaponArchetype_EXP1_NamedCrossbow
DA_InventoryCategory_Weapons,MeleeWeaponArchetype,DA_MeleeWeaponArchetype_Katana,KATANA,1,0,0,0,0,0,/Game/DI2/BalancingData/Weapons/Melee/Swords/Katana/DA_MeleeWeaponArchetype_Katana.DA_MeleeWeaponArchetype_Katana
DA_InventoryCategory_Weapons,MeleeWeaponArchetype,DA_MeleeWeaponArchetype_Katar,KATARS,1,0,0,0,0,0,/Game/DI2/BalancingData/Weapons/Melee/Fists/Katar/DA_MeleeWeaponArchetype_Katar.DA_MeleeWeaponArchetype_Katar
DA_InventoryCategory_Weapons,MeleeWeaponArchetype,DA_MeleeWeaponArchetype_LegendaryScythe,KRAKATOA,1,0,0,0,0,0,/Game/DI2/BalancingData/Weapons/Melee/Axes/Legendary/Scythe/DA_MeleeWeaponArchetype_LegendaryScythe.DA_MeleeWeaponArchetype_LegendaryScythe
DA_InventoryCategory_Weapons,MeleeWeaponArchetype,DA_MeleeWeaponArchetype_Kukri,KUKRI,1,0,0,0,0,0,/Game/DI2/BalancingData/Weapons/Melee/Knives/Kukri/DA_MeleeWeaponArchetype_Kukri.DA_MeleeWeaponArchetype_Kukri
DA_InventoryCategory_Weapons,MeleeWeaponArchetype,DA_MeleeWeaponArchetype_EXP2_NamedClawHammer,LASER GUIDED HAMMER,1,0,0,1,0,0,/Game/DI2/Expansion02/BalancingData/Weapons/NamedPrecisionHammer/DA_MeleeWeaponArchetype_EXP2_NamedClawHammer.DA_MeleeWeaponArchetype_EXP2_NamedClawHammer
DA_InventoryCategory_Ingredients,ItemArchetype,DA_ItemArchetype_ExoticMaterials_DamagedImplants,LEAKY IMPLANTS,0,99,1,0,0,0,/Game/DI2/BalancingData/Pickups/ExoticIngredients/DamagedImplants/DA_ItemArchetype_ExoticMaterials_DamagedImplants.DA_ItemArchetype_ExoticMaterials_DamagedImplants
DA_InventoryCategory_Recipes,RecipeArchetype,DA_RecipeArchetype_WeaponPerk_IncreasedAttackSpeedDecreaseForce,LIGHTWEIGHT PERK,0,0,1,0,0,0,/Game/DI2/Items/Pickups/WeaponPerks/DA_RecipeArchetype_WeaponPerk_IncreasedAttackSpeedDecreaseForce.DA_RecipeArchetype_WeaponPerk_IncreasedAttackSpeedDecreaseForce
DA_InventoryCategory_Weapons,MeleeWeaponArchetype,DA_MeleeWeaponArchetype_Mace,MACE,1,0,0,0,0,0,/Game/DI2/BalancingData/Weapons/Melee/Clubs/Mace/DA_MeleeWeaponArchetype_Mace.DA_MeleeWeaponArchetype_Mace
DA_InventoryCategory_Weapons,MeleeWeaponArchetype,DA_MeleeWeaponArchetype_Machete,MACHETE,1,0,0,0,0,0,/Game/DI2/BalancingData/Weapons/Melee/Swords/Machete/DA_MeleeWeaponArchetype_Machete.DA_MeleeWeaponArchetype_Machete
DA_InventoryCategory_Weapons,MeleeWeaponArchetype,DA_MeleeWeaponArchetype_Machete_Shock,MACHETE,1,0,0,0,0,0,/Game/DI2/BalancingData/Weapons/Melee/Swords/Machete/PreModded/DA_MeleeWeaponArchetype_Machete_Shock.DA_MeleeWeaponArchetype_Machete_Shock
DA_InventoryCategory_Weapons,RangedWeaponArchetype,DA_RangedWeaponArchetype_MachinePistol,MACHINE PISTOL,1,0,0,0,0,0,/Game/DI2/BalancingData/Weapons/Ranged/Handgun/MachinePistol/DA_RangedWeaponArchetype_MachinePistol.DA_RangedWeaponArchetype_MachinePistol
DA_InventoryCategory_Weapons,MeleeWeaponArchetype,DA_MeleeWeaponArchetype_ImprovSword,MAKESHIFT SWORD,1,0,0,0,0,0,/Game/DI2/BalancingData/Weapons/Melee/Swords/ImprovSword/DA_MeleeWeaponArchetype_ImprovSword.DA_MeleeWeaponArchetype_ImprovSword
DA_InventoryCategory_Weapons,MeleeWeaponArchetype,DA_MeleeWeaponArchetype_Mattock,MATTOCK,1,0,0,0,0,0,/Game/DI2/BalancingData/Weapons/Melee/Axes/Mattock/DA_MeleeWeaponArchetype_Mattock.DA_MeleeWeaponArchetype_Mattock
DA_InventoryCategory_Throwables,ThrowingWeaponArchetype,DA_ThrowingWeaponArchetype_MeatBait,MEAT BAIT,0,0,1,0,0,0,/Game/DI2/BalancingData/Weapons/Throwable/MeatBait/DA_ThrowingWeaponArchetype_MeatBait.DA_ThrowingWeaponArchetype_MeatBait
DA_InventoryCategory_Weapons,MeleeWeaponArchetype,DA_MeleeWeaponArchetype_MeatHammer,MEAT HAMMER,1,0,0,0,0,0,/Game/DI2/BalancingData/Weapons/Melee/Hammers/MeatHammer/DA_MeleeWeaponArchetype_MeatHammer.DA_MeleeWeaponArchetype_MeatHammer
DA_InventoryCategory_Consumables,ItemArchetype,DA_InventoryTypes_Consumable_HealthPack,MED KIT,0,5,1,0,0,0,/Game/DI2/Items/Consumables/DA_InventoryTypes_Consumable_HealthPack.DA_InventoryTypes_Consumable_HealthPack
DA_InventoryCategory_Recipes,RecipeArchetype,DA_RecipeArchetype_Medikit,MED KITS,0,0,0,0,0,0,/Game/DI2/BalancingData/Recipes/Health/DA_RecipeArchetype_Medikit.DA_RecipeArchetype_Medikit
DA_InventoryCategory_Weapons,MeleeWeaponArchetype,DA_MeleeWeaponArchetype_BaseballBatMetal,METAL BAT,1,0,0,0,0,0,/Game/DI2/BalancingData/Weapons/Melee/Clubs/MetalBaseballBat/DA_MeleeWeaponArchetype_BaseballBatMetal.DA_MeleeWeaponArchetype_BaseballBatMetal
DA_InventoryCategory_Ingredients,ItemArchetype,DA_ItemArchetype_Ingredients_MetalParts,METAL PARTS,0,99,1,0,0,0,/Game/DI2/BalancingData/Pickups/Ingredients/MetalParts/DA_ItemArchetype_Ingredients_MetalParts.DA_ItemArchetype_Ingredients_MetalParts
DA_InventoryCategory_Weapons,MeleeWeaponArchetype,DA_MeleeWeaponArchetype_MilitaryAxe,MILITARY AXE,1,0,0,0,0,0,/Game/DI2/BalancingData/Weapons/Melee/Axes/MilitaryAxe/DA_MeleeWeaponArchetype_MilitaryAxe.DA_MeleeWeaponArchetype_MilitaryAxe
DA_InventoryCategory_Throwables,ThrowingWeaponArchetype,DA_ThrowingWeaponArchetype_MilitaryGrenade,MILITARY GRENADE,0,0,1,0,0,0,/Game/DI2/BalancingData/Weapons/Throwable/MilitaryGrenade/DA_ThrowingWeaponArchetype_MilitaryGrenade.DA_ThrowingWeaponArchetype_MilitaryGrenade
DA_InventoryCategory_Weapons,MeleeWeaponArchetype,DA_MeleeWeaponArchetype_MilitaryKnife,MILITARY KNIFE,1,0,0,0,0,0,/Game/DI2/BalancingData/Weapons/Melee/Daggers/MilitaryKnife/DA_MeleeWeaponArchetype_MilitaryKnife.DA_MeleeWeaponArchetype_MilitaryKnife
DA_InventoryCategory_Recipes,RecipeArchetype,DA_RecipeArchetype_WeaponPerk_HeadExplodeOnKill,MIND-BLOWING PERK,0,0,1,0,0,0,/Game/DI2/Items/Pickups/WeaponPerks/DA_RecipeArchetype_WeaponPerk_HeadExplodeOnKill.DA_RecipeArchetype_WeaponPerk_HeadExplodeOnKill
DA_InventoryCategory_Throwables,ThrowingWeaponArchetype,DA_ThrowingWeaponArchetype_MolotovCocktail,MOLOTOV COCKTAIL,0,0,1,0,0,0,/Game/DI2/BalancingData/Weapons/Throwable/MolotovCocktail/DA_ThrowingWeaponArchetype_MolotovCocktail.DA_ThrowingWeaponArchetype_MolotovCocktail
DA_InventoryCategory_Recipes,RecipeArchetype,DA_RecipeArchetype_Molotov,MOLOTOV COCKTAILS,0,0,1,0,0,0,/Game/DI2/BalancingData/Recipes/Throwables/DA_RecipeArchetype_Molotov.DA_RecipeArchetype_Molotov
DA_InventoryCategory_Ingredients,ItemArchetype,DA_ItemArchetype_ExoticMaterials_MutatedHeart,MUTATED HEART,0,99,1,0,0,0,/Game/DI2/BalancingData/Pickups/ExoticIngredients/MutatorBrain/DA_ItemArchetype_ExoticMaterials_MutatedHeart.DA_ItemArchetype_ExoticMaterials_MutatedHeart
DA_InventoryCategory_Weapons,MeleeWeaponArchetype,DA_MeleeWeaponArchetype_BasePackBaton,Maulibu Nights(tick),1,0,0,1,0,0,/Game/DI2/DLCBasePack02/BalancingData/Weapons/AmyBaton/DA_MeleeWeaponArchetype_BasePackBaton.DA_MeleeWeaponArchetype_BasePackBaton
DA_InventoryCategory_Weapons,MeleeWeaponArchetype,DA_MeleeWeaponArchetype_BasePackMachete,Maulibu Panga,1,0,0,1,0,0,/Game/DI2/DLCBasePack02/BalancingData/Weapons/BrunoMachete/DA_MeleeWeaponArchetype_BasePackMachete.DA_MeleeWeaponArchetype_BasePackMachete
DA_InventoryCategory_Throwables,ThrowingWeaponArchetype,DA_ThrowingWeaponArchetype_NailBomb,NAIL BOMB,0,0,1,0,0,0,/Game/DI2/BalancingData/Weapons/Throwable/NailBomb/DA_ThrowingWeaponArchetype_NailBomb.DA_ThrowingWeaponArchetype_NailBomb
DA_InventoryCategory_Weapons,RangedWeaponArchetype,DA_RangedWeaponArchetype_EXP2_NamedNailgun,NAILBITER,1,0,0,1,0,0,/Game/DI2/Expansion02/BalancingData/Weapons/NamedNailGun/DA_RangedWeaponArchetype_EXP2_NamedNailgun.DA_RangedWeaponArchetype_EXP2_NamedNailgun
DA_InventoryCategory_Weapons,RangedWeaponArchetype,DA_RangedWeaponArchetype_Nailgun,NAILGUN,1,0,0,0,0,0,/Game/DI2/BalancingData/Weapons/Ranged/Handgun/Nailgun/DA_RangedWeaponArchetype_Nailgun.DA_RangedWeaponArchetype_Nailgun
DA_InventoryCategory_Ammo,ItemArchetype,DA_AmmoArchetype_NailgunNailsAmmo,NAILGUN CARTRIDGE,0,60,1,0,0,0,/Game/DI2/BalancingData/Weapons/Ranged/Ammo/NailgunNails/DA_AmmoArchetype_NailgunNailsAmmo.DA_AmmoArchetype_NailgunNailsAmmo
DA_InventoryCategory_Recipes,RecipeArchetype,DA_RecipeArchetype_NailgunRounds,NAILGUN CARTRIDGES,0,0,0,0,0,0,/Game/DI2/BalancingData/Recipes/Ammo/DA_RecipeArchetype_NailgunRounds.DA_RecipeArchetype_NailgunRounds
DA_InventoryCategory_Weapons,MeleeWeaponArchetype,DA_MeleeWeaponArchetype_ExtNightStick,NIGHTSTICK,1,0,0,0,0,0,/Game/DI2/BalancingData/Weapons/Melee/Clubs/ExtNightStick/DA_MeleeWeaponArchetype_ExtNightStick.DA_MeleeWeaponArchetype_ExtNightStick
DA_InventoryCategory_Weapons,MeleeWeaponArchetype,DA_MeleeWeaponArchetype_NamedKatana,O-KAMI AND WHISKEY,1,0,0,0,0,0,/Game/DI2/BalancingData/Weapons/Melee/Named/NamedKatana/DA_MeleeWeaponArchetype_NamedKatana.DA_MeleeWeaponArchetype_NamedKatana
DA_InventoryCategory_Weapons,MeleeWeaponArchetype,DA_MeleeWeaponArchetype_OfficersSword,OFFICER'S SWORD,1,0,0,0,0,0,/Game/DI2/BalancingData/Weapons/Melee/Swords/OfficersSword/DA_MeleeWeaponArchetype_OfficersSword.DA_MeleeWeaponArchetype_OfficersSword
DA_InventoryCategory_Weapons,RangedWeaponArchetype,DA_RangedWeaponArchetype_NamedPistol,ONE HIT WONDER,1,0,0,1,0,0,/Game/DI2/BalancingData/Weapons/Ranged/Named/NamedPistol/DA_RangedWeaponArchetype_NamedPistol.DA_RangedWeaponArchetype_NamedPistol
DA_InventoryCategory_Ingredients,ItemArchetype,DA_ItemArchetype_ExoticMaterials_OversizedArmBone,OVERSIZED ARM BONE,0,99,1,0,0,0,/Game/DI2/BalancingData/Pickups/ExoticIngredients/OversizedArmBone/DA_ItemArchetype_ExoticMaterials_OversizedArmBone.DA_ItemArchetype_ExoticMaterials_OversizedArmBone
DA_InventoryCategory_Weapons,MeleeWeaponArchetype,DA_MeleeWeaponArchetype_LegendaryFireKnuckles,PARTY STARTER,1,0,0,0,0,0,/Game/DI2/BalancingData/Weapons/Melee/Fists/Legendary/PartyStarter/DA_MeleeWeaponArchetype_LegendaryFireKnuckles.DA_MeleeWeaponArchetype_LegendaryFireKnuckles
DA_InventoryCategory_Weapons,RangedWeaponArchetype,DA_RangedWeaponArchetype_NamedCurtisRifle,PEGGY,1,0,0,0,0,0,/Game/DI2/BalancingData/Weapons/Ranged/Named/CurtisRifle/DA_RangedWeaponArchetype_NamedCurtisRifle.DA_RangedWeaponArchetype_NamedCurtisRifle
DA_InventoryCategory_Weapons,MeleeWeaponArchetype,DA_MeleeWeaponArchetype_Pickaxe,PICKAXE,1,0,0,0,0,0,/Game/DI2/BalancingData/Weapons/Melee/Axes/PickAxe/DA_MeleeWeaponArchetype_Pickaxe.DA_MeleeWeaponArchetype_Pickaxe
DA_InventoryCategory_Weapons,MeleeWeaponArchetype,DA_MeleeWeaponArchetype_Pike,PIKE,1,0,0,0,0,0,/Game/DI2/BalancingData/Weapons/Melee/Polearms/Pike/DA_MeleeWeaponArchetype_Pike.DA_MeleeWeaponArchetype_Pike
DA_InventoryCategory_Weapons,MeleeWeaponArchetype,DA_MeleeWeaponArchetype_EXP2_NamedImprovHammer,PILEDRIVER,1,0,0,1,0,0,/Game/DI2/Expansion02/BalancingData/Weapons/NamedImpactHammer/DA_MeleeWeaponArchetype_EXP2_NamedImprovHammer.DA_MeleeWeaponArchetype_EXP2_NamedImprovHammer
DA_InventoryCategory_Throwables,ThrowingWeaponArchetype,DA_ThrowingWeaponArchetype_PipeBomb,PIPE BOMB,0,0,1,0,0,0,/Game/DI2/BalancingData/Weapons/Throwable/PipeBomb/DA_ThrowingWeaponArchetype_PipeBomb.DA_ThrowingWeaponArchetype_PipeBomb
DA_InventoryCategory_Weapons,MeleeWeaponArchetype,DA_MeleeWeaponArchetype_SmallWrench,PIPE WRENCH,1,0,0,0,0,0,/Game/DI2/BalancingData/Weapons/Melee/Clubs/SmallWrench/DA_MeleeWeaponArchetype_SmallWrench.DA_MeleeWeaponArchetype_SmallWrench
DA_InventoryCategory_Weapons,RangedWeaponArchetype,DA_RangedWeaponArchetype_Pistol,PISTOL,1,0,0,0,0,0,/Game/DI2/BalancingData/Weapons/Ranged/Handgun/Pistol/DA_RangedWeaponArchetype_Pistol.DA_RangedWeaponArchetype_Pistol
DA_InventoryCategory_Ammo,ItemArchetype,DA_AmmoArchetype_PistolAmmo,PISTOL ROUNDS,0,75,1,0,0,0,/Game/DI2/BalancingData/Weapons/Ranged/Ammo/PistolRounds/DA_AmmoArchetype_PistolAmmo.DA_AmmoArchetype_PistolAmmo
DA_InventoryCategory_Recipes,RecipeArchetype,DA_RecipeArchetype_PistolRounds,PISTOL ROUNDS,0,0,0,0,0,0,/Game/DI2/BalancingData/Recipes/Ammo/DA_RecipeArchetype_PistolRounds.DA_RecipeArchetype_PistolRounds
DA_InventoryCategory_Weapons,MeleeWeaponArchetype,DA_MeleeWeaponArchetype_HayFork,PITCHFORK,1,0,0,0,0,0,/Game/DI2/BalancingData/Weapons/Melee/Polearms/HayFork/DA_MeleeWeaponArchetype_HayFork.DA_MeleeWeaponArchetype_HayFork
DA_InventoryCategory_Weapons,MeleeWeaponArchetype,DA_MeleeWeaponArchetype_SingleBladeStaff,POLE SAW,1,0,0,0,0,0,/Game/DI2/BalancingData/Weapons/Melee/Polearms/SingleBladeStaff/DA_MeleeWeaponArchetype_SingleBladeStaff.DA_MeleeWeaponArchetype_SingleBladeStaff
DA_InventoryCategory_Weapons,MeleeWeaponArchetype,DA_MeleeWeaponArchetype_SingleBladeStaff_Tearing,POLE SAW,1,0,0,0,0,0,/Game/DI2/BalancingData/Weapons/Melee/Polearms/SingleBladeStaff/PreModded/DA_MeleeWeaponArchetype_SingleBladeStaff_Tearing.DA_MeleeWeaponArchetype_SingleBladeStaff_Tearing
DA_InventoryCategory_Weapons,MeleeWeaponArchetype,DA_MeleeWeaponArchetype_PoliceBaton,POLICE BATON,1,0,0,0,0,0,/Game/DI2/BalancingData/Weapons/Melee/Clubs/PoliceBaton/DA_MeleeWeaponArchetype_PoliceBaton.DA_MeleeWeaponArchetype_PoliceBaton
DA_InventoryCategory_Weapons,MeleeWeaponArchetype,DA_MeleeWeaponArchetype_PoolCue,POOL CUE,1,0,0,0,0,0,/Game/DI2/BalancingData/Weapons/Melee/Polearms/PoolCue/DA_MeleeWeaponArchetype_PoolCue.DA_MeleeWeaponArchetype_PoolCue
DA_InventoryCategory_Recipes,RecipeArchetype,DA_RecipeArchetype_WeaponPerk_IncreasedDamageOnSameTarget,PRECISION STRIKES PERK,0,0,1,0,0,0,/Game/DI2/Items/Pickups/WeaponPerks/DA_RecipeArchetype_WeaponPerk_IncreasedDamageOnSameTarget.DA_RecipeArchetype_WeaponPerk_IncreasedDamageOnSameTarget
DA_InventoryCategory_Recipes,RecipeArchetype,DA_RecipeArchetype_WeaponPerk_Primed,PRIMED PERK,0,0,1,0,0,0,/Game/DI2/Items/Pickups/WeaponPerks/DA_RecipeArchetype_WeaponPerk_Primed.DA_RecipeArchetype_WeaponPerk_Primed
DA_InventoryCategory_Weapons,MeleeWeaponArchetype,DA_MeleeWeaponArchetype_BasePackBoStaff,Plaid Whacker,1,0,0,1,0,0,/Game/DI2/DLCBasePack01/BalancingData/Weapons/JacobBoStaff/DA_MeleeWeaponArchetype_BasePackBoStaff.DA_MeleeWeaponArchetype_BasePackBoStaff
DA_InventoryCategory_Weapons,MeleeWeaponArchetype,DA_MeleeWeaponArchetype_Rake,RAKE,1,0,0,0,0,0,/Game/DI2/BalancingData/Weapons/Melee/Polearms/Rake/DA_MeleeWeaponArchetype_Rake.DA_MeleeWeaponArchetype_Rake
DA_InventoryCategory_Recipes,RecipeArchetype,DA_RecipeArchetype_FireMod_Melee_Level2,RARE MELEE CREMATOR MOD,0,0,1,0,0,0,/Game/DI2/Items/Pickups/WeaponMods/DA_RecipeArchetype_FireMod_Melee_Level2.DA_RecipeArchetype_FireMod_Melee_Level2
DA_InventoryCategory_Recipes,RecipeArchetype,DA_RecipeArchetype_ShockMod_Melee_Level2,RARE MELEE ELECTROCUTOR MOD,0,0,1,0,0,0,/Game/DI2/Items/Pickups/WeaponMods/DA_RecipeArchetype_ShockMod_Melee_Level2.DA_RecipeArchetype_ShockMod_Melee_Level2
DA_InventoryCategory_Recipes,RecipeArchetype,DA_RecipeArchetype_ImpactMod_Melee_Level2,RARE MELEE IMPACTOR MOD,0,0,1,0,0,0,/Game/DI2/Items/Pickups/WeaponMods/DA_RecipeArchetype_ImpactMod_Melee_Level2.DA_RecipeArchetype_ImpactMod_Melee_Level2
DA_InventoryCategory_Recipes,RecipeArchetype,DA_RecipeArchetype_AcidMod_Melee_Level2,RARE MELEE LIQUIDATOR MOD,0,0,1,0,0,0,/Game/DI2/Items/Pickups/WeaponMods/DA_RecipeArchetype_AcidMod_Melee_Level2.DA_RecipeArchetype_AcidMod_Melee_Level2
DA_InventoryCategory_Recipes,RecipeArchetype,DA_RecipeArchetype_TearingMod_Melee_Level2,RARE MELEE MUTILATOR MOD,0,0,1,0,0,0,/Game/DI2/Items/Pickups/WeaponMods/DA_RecipeArchetype_TearingMod_Melee_Level2.DA_RecipeArchetype_TearingMod_Melee_Level2
DA_InventoryCategory_Recipes,RecipeArchetype,DA_RecipeArchetype_BleedMod_Melee_Level2,RARE MELEE PUNCTURATOR MOD,0,0,1,0,0,0,/Game/DI2/Items/Pickups/WeaponMods/DA_RecipeArchetype_BleedMod_Melee_Level2.DA_RecipeArchetype_BleedMod_Melee_Level2
DA_InventoryCategory_Recipes,RecipeArchetype,DA_RecipeArchetype_FireMod_Ranged_Level2,RARE RANGED CREMATOR MOD,0,0,1,0,0,0,/Game/DI2/Items/Pickups/WeaponMods/DA_RecipeArchetype_FireMod_Ranged_Level2.DA_RecipeArchetype_FireMod_Ranged_Level2
DA_InventoryCategory_Recipes,RecipeArchetype,DA_RecipeArchetype_ShockMod_Ranged_Level2,RARE RANGED ELECTROCUTOR MOD,0,0,1,0,0,0,/Game/DI2/Items/Pickups/WeaponMods/DA_RecipeArchetype_ShockMod_Ranged_Level2.DA_RecipeArchetype_ShockMod_Ranged_Level2
DA_InventoryCategory_Recipes,RecipeArchetype,DA_RecipeArchetype_ImpactMod_Ranged_Level2,RARE RANGED IMPACTOR MOD,0,0,1,0,0,0,/Game/DI2/Items/Pickups/WeaponMods/DA_RecipeArchetype_ImpactMod_Ranged_Level2.DA_RecipeArchetype_ImpactMod_Ranged_Level2
DA_InventoryCategory_Recipes,RecipeArchetype,DA_RecipeArchetype_AcidMod_Ranged_Level2,RARE RANGED LIQUIDATOR MOD,0,0,1,0,0,0,/Game/DI2/Items/Pickups/WeaponMods/DA_RecipeArchetype_AcidMod_Ranged_Level2.DA_RecipeArchetype_AcidMod_Ranged_Level2
DA_InventoryCategory_Recipes,RecipeArchetype,DA_RecipeArchetype_TearingMod_Ranged_Level2,RARE RANGED MUTILATOR MOD,0,0,1,0,0,0,/Game/DI2/Items/Pickups/WeaponMods/DA_RecipeArchetype_TearingMod_Ranged_Level2.DA_RecipeArchetype_TearingMod_Ranged_Level2
DA_InventoryCategory_Recipes,RecipeArchetype,DA_RecipeArchetype_BleedMod_Ranged_Level2,RARE RANGED PUNCTURATOR MOD,0,0,1,0,0,0,/Game/DI2/Items/Pickups/WeaponMods/DA_RecipeArchetype_BleedMod_Ranged_Level2.DA_RecipeArchetype_BleedMod_Ranged_Level2
DA_InventoryCategory_Weapons,RangedWeaponArchetype,DA_RangedWeaponArchetype_NamedSportingRifle,RAVEN,1,0,0,0,0,0,/Game/DI2/BalancingData/Weapons/Ranged/Named/NamedSportingRifle/DA_RangedWeaponArchetype_NamedSportingRifle.DA_RangedWeaponArchetype_NamedSportingRifle
DA_InventoryCategory_Weapons,RangedWeaponArchetype,DA_RangedWeaponArchetype_NamedShotgun,RED DRAGON,1,0,0,0,0,0,/Game/DI2/BalancingData/Weapons/Ranged/Named/NamedShotgun/DA_RangedWeaponArchetype_NamedShotgun.DA_RangedWeaponArchetype_NamedShotgun
DA_InventoryCategory_Ingredients,ItemArchetype,DA_ItemArchetype_ExoticMaterials_RegeneratingTissue,REGENERATING TISSUE,0,99,1,0,0,0,/Game/DI2/BalancingData/Pickups/ExoticIngredients/RegeneratingTissue/DA_ItemArchetype_ExoticMaterials_RegeneratingTissue.DA_ItemArchetype_ExoticMaterials_RegeneratingTissue
DA_InventoryCategory_Recipes,RecipeArchetype,DA_RecipeArchetype_WeaponPerk_IncreaseDurabilityIncreaseStaminaCost,REINFORCED PERK,0,0,1,0,0,0,/Game/DI2/Items/Pickups/WeaponPerks/DA_RecipeArchetype_WeaponPerk_IncreaseDurabilityIncreaseStaminaCost.DA_RecipeArchetype_WeaponPerk_IncreaseDurabilityIncreaseStaminaCost
DA_InventoryCategory_Recipes,RecipeArchetype,DA_RecipeArchetype_WeaponPerk_AddStaminaOnWeaponKillOrCriticalHit,RESTORING PERK,0,0,1,0,0,0,/Game/DI2/Items/Pickups/WeaponPerks/DA_RecipeArchetype_WeaponPerk_AddStaminaOnWeaponKillOrCriticalHit.DA_RecipeArchetype_WeaponPerk_AddStaminaOnWeaponKillOrCriticalHit
DA_InventoryCategory_Ammo,ItemArchetype,DA_AmmoArchetype_CarbineAmmo,RIFLE ROUNDS,0,90,1,0,0,0,/Game/DI2/BalancingData/Weapons/Ranged/Ammo/Rifle/DA_AmmoArchetype_CarbineAmmo.DA_AmmoArchetype_CarbineAmmo
DA_InventoryCategory_Recipes,RecipeArchetype,DA_RecipeArchetype_RifleRounds,RIFLE ROUNDS,0,0,0,0,0,0,/Game/DI2/BalancingData/Recipes/Ammo/DA_RecipeArchetype_RifleRounds.DA_RecipeArchetype_RifleRounds
DA_InventoryCategory_Weapons,MeleeWeaponArchetype,DA_MeleeWeaponArchetype_LegendarySawBat,RIPPER,1,0,0,0,0,0,/Game/DI2/BalancingData/Weapons/Melee/Clubs/Legendary/LegendarySawBat/DA_MeleeWeaponArchetype_LegendarySawBat.DA_MeleeWeaponArchetype_LegendarySawBat
DA_InventoryCategory_Weapons,MeleeWeaponArchetype,DA_MeleeWeaponArchetype_SteamLaunch_NamedCrowbar,RISE AND SHINE,1,0,0,1,0,0,/Game/DI2/DLCSteamPack01/BalancingData/Weapons/SteamCrowbar/DA_MeleeWeaponArchetype_SteamLaunch_NamedCrowbar.DA_MeleeWeaponArchetype_SteamLaunch_NamedCrowbar
DA_InventoryCategory_Recipes,RecipeArchetype,DA_RecipeArchetype_WeaponPerk_IncreaseDamageOnLowAmmo,RUSSIAN ROULETTE PERK,0,0,1,0,0,0,/Game/DI2/Items/Pickups/WeaponPerks/DA_RecipeArchetype_WeaponPerk_IncreaseDamageOnLowAmmo.DA_RecipeArchetype_WeaponPerk_IncreaseDamageOnLowAmmo
DA_InventoryCategory_Weapons,MeleeWeaponArchetype,DA_MeleeWeaponArchetype_Named_ExpansionKatana,Red's Demise,1,0,0,1,0,0,/Game/DI2/BalancingData/Weapons/Melee/Named/NamedExpansionPassKatana/DA_MeleeWeaponArchetype_Named_ExpansionKatana.DA_MeleeWeaponArchetype_Named_ExpansionKatana
DA_InventoryCategory_Ammo,ItemArchetype,DA_AmmoArchetype_SawbladeDiskAmmo,SAWBLADE DISK,0,24,1,1,0,0,/Game/DI2/Expansion02/BalancingData/Weapons/Ammo/DA_AmmoArchetype_SawbladeDiskAmmo.DA_AmmoArchetype_SawbladeDiskAmmo
DA_InventoryCategory_Recipes,RecipeArchetype,DA_RecipeArchetype_SawbladeDisks,SAWBLADE DISKS,0,0,0,1,0,0,/Game/DI2/Expansion02/BalancingData/Recipes/DA_RecipeArchetype_SawbladeDisks.DA_RecipeArchetype_SawbladeDisks
DA_InventoryCategory_Weapons,RangedWeaponArchetype,DA_RangedWeaponArchetype_LegendarySawbladeLauncher,SAWBLADE LAUNCHER,1,0,0,0,0,0,/Game/DI2/BalancingData/Weapons/Ranged/Legendary/SawbladeLauncher/DA_RangedWeaponArchetype_LegendarySawbladeLauncher.DA_RangedWeaponArchetype_LegendarySawbladeLauncher
DA_InventoryCategory_Weapons,MeleeWeaponArchetype,DA_MeleeWeaponArchetype_ScaffoldPole,SCAFFOLD POLE,1,0,0,0,0,0,/Game/DI2/BalancingData/Weapons/Melee/Staffs/ScaffoldPole/DA_MeleeWeaponArchetype_ScaffoldPole.DA_MeleeWeaponArchetype_ScaffoldPole
DA_InventoryCategory_Ingredients,ItemArchetype,DA_ItemArchetype_Ingredients_Scrap,SCRAP,0,99,1,0,0,0,/Game/DI2/BalancingData/Pickups/Ingredients/Scrap/DA_ItemArchetype_Ingredients_Scrap.DA_ItemArchetype_Ingredients_Scrap
DA_InventoryCategory_Ingredients,ItemArchetype,DA_ItemArchetype_ExoticMaterials_ScreamerLungs,SCREAMER LUNGS,0,99,1,0,0,0,/Game/DI2/BalancingData/Pickups/ExoticIngredients/ScreamerLungs/DA_ItemArchetype_ExoticMaterials_ScreamerLungs.DA_ItemArchetype_ExoticMaterials_ScreamerLungs
DA_InventoryCategory_Weapons,MeleeWeaponArchetype,DA_MeleeWeaponArchetype_NamedTacticalSword,SHARK TOOTH,1,0,0,0,0,0,/Game/DI2/BalancingData/Weapons/Melee/Named/NamedTacticalSword/DA_MeleeWeaponArchetype_NamedTacticalSword.DA_MeleeWeaponArchetype_NamedTacticalSword
DA_InventoryCategory_Weapons,MeleeWeaponArchetype,DA_MeleeWeaponArchetype_EXP2_NamedMicClaws,SHOGUN SLICER,1,0,0,1,0,0,/Game/DI2/Expansion02/BalancingData/Weapons/NamedMicClaws/DA_MeleeWeaponArchetype_EXP2_NamedMicClaws.DA_MeleeWeaponArchetype_EXP2_NamedMicClaws
DA_InventoryCategory_Weapons,RangedWeaponArchetype,DA_RangedWeaponArchetype_ShortShotgun,SHORT-BARRELED SHOTGUN,1,0,0,0,0,0,/Game/DI2/BalancingData/Weapons/Ranged/Shotgun/ShortShotgun/DA_RangedWeaponArchetype_ShortShotgun.DA_RangedWeaponArchetype_ShortShotgun
DA_InventoryCategory_Weapons,RangedWeaponArchetype,DA_RangedWeaponArchetype_Shotgun,SHOTGUN,1,0,0,0,0,0,/Game/DI2/BalancingData/Weapons/Ranged/Shotgun/ShotGun/DA_RangedWeaponArchetype_Shotgun.DA_RangedWeaponArchetype_Shotgun
DA_InventoryCategory_Ammo,ItemArchetype,DA_AmmoArchetype_ShotgunAmmo,SHOTGUN SHELLS,0,30,1,0,0,0,/Game/DI2/BalancingData/Weapons/Ranged/Ammo/Shotgun/DA_AmmoArchetype_ShotgunAmmo.DA_AmmoArchetype_ShotgunAmmo
DA_InventoryCategory_Recipes,RecipeArchetype,DA_RecipeArchetype_ShotgunRounds,SHOTGUN SHELLS,0,0,0,0,0,0,/Game/DI2/BalancingData/Recipes/Ammo/DA_RecipeArchetype_ShotgunRounds.DA_RecipeArchetype_ShotgunRounds
DA_InventoryCategory_Weapons,MeleeWeaponArchetype,DA_MeleeWeaponArchetype_Shovel,SHOVEL,1,0,0,0,0,0,/Game/DI2/BalancingData/Weapons/Melee/Axes/Shovel/DA_MeleeWeaponArchetype_Shovel.DA_MeleeWeaponArchetype_Shovel
DA_InventoryCategory_Throwables,ThrowingWeaponArchetype,DA_ThrowingWeaponArchetype_Shuriken,SHURIKEN,0,0,1,0,0,0,/Game/DI2/BalancingData/Weapons/Throwable/Shuriken/DA_ThrowingWeaponArchetype_Shuriken.DA_ThrowingWeaponArchetype_Shuriken
DA_InventoryCategory_Recipes,RecipeArchetype,DA_RecipeArchetype_Shuriken,SHURIKEN,0,0,1,0,0,0,/Game/DI2/BalancingData/Recipes/Throwables/DA_RecipeArchetype_Shuriken.DA_RecipeArchetype_Shuriken
DA_InventoryCategory_Weapons,MeleeWeaponArchetype,DA_MeleeWeaponArchetype_RebarInConcrete,SIGN POLE,1,0,0,0,0,0,/Game/DI2/BalancingData/Weapons/Melee/Hammers/RebarInConcrete/DA_MeleeWeaponArchetype_RebarInConcrete.DA_MeleeWeaponArchetype_RebarInConcrete
DA_InventoryCategory_Recipes,RecipeArchetype,DA_RecipeArchetype_WeaponPerk_IncreaseDurabilityIncreaseLimbDamage,SLAUGHTER PERK,0,0,1,0,0,0,/Game/DI2/Items/Pickups/WeaponPerks/DA_RecipeArchetype_WeaponPerk_IncreaseDurabilityIncreaseLimbDamage.DA_RecipeArchetype_WeaponPerk_IncreaseDurabilityIncreaseLimbDamage
DA_InventoryCategory_Weapons,MeleeWeaponArchetype,DA_MeleeWeaponArchetype_Sledgehammer_Acid,SLEDGEHAMMER,1,0,0,0,0,0,/Game/DI2/BalancingData/Weapons/Melee/Hammers/Sledgehammers/PreModded/DA_MeleeWeaponArchetype_Sledgehammer_Acid.DA_MeleeWeaponArchetype_Sledgehammer_Acid
DA_InventoryCategory_Weapons,MeleeWeaponArchetype,DA_MeleeWeaponArchetype_Sledgehammer_Impact,SLEDGEHAMMER,1,0,0,0,0,0,/Game/DI2/BalancingData/Weapons/Melee/Hammers/Sledgehammers/PreModded/DA_MeleeWeaponArchetype_Sledgehammer_Impact.DA_MeleeWeaponArchetype_Sledgehammer_Impact
DA_InventoryCategory_Weapons,MeleeWeaponArchetype,DA_MeleeWeaponArchetype_Sledgehammer_Wood,SLEDGEHAMMER,1,0,0,0,0,0,/Game/DI2/BalancingData/Weapons/Melee/Hammers/Sledgehammers/Wood/DA_MeleeWeaponArchetype_Sledgehammer_Wood.DA_MeleeWeaponArchetype_Sledgehammer_Wood
DA_InventoryCategory_Weapons,MeleeWeaponArchetype,DA_MeleeWeaponArchetype_NamedMilitaryKnife,SPECIAL FORCES KNIFE,1,0,0,0,0,0,/Game/DI2/BalancingData/Weapons/Melee/Named/NamedMilitaryKnife/DA_MeleeWeaponArchetype_NamedMilitaryKnife.DA_MeleeWeaponArchetype_NamedMilitaryKnife
DA_InventoryCategory_Recipes,RecipeArchetype,DA_RecipeArchetype_WeaponPerk_IncreaseReloadSpeed,SPEEDLOADER PERK,0,0,1,0,0,0,/Game/DI2/Items/Pickups/WeaponPerks/DA_RecipeArchetype_WeaponPerk_IncreaseReloadSpeed.DA_RecipeArchetype_WeaponPerk_IncreaseReloadSpeed
DA_InventoryCategory_Weapons,MeleeWeaponArchetype,DA_MeleeWeaponArchetype_SplittingAxe,SPLITTING AXE,1,0,0,0,0,0,/Game/DI2/BalancingData/Weapons/Melee/Axes/SplittingAxe/DA_MeleeWeaponArchetype_SplittingAxe.DA_MeleeWeaponArchetype_SplittingAxe
DA_InventoryCategory_Weapons,RangedWeaponArchetype,DA_RangedWeaponArchetype_SportingRifle,SPORTING RIFLE,1,0,0,0,0,0,/Game/DI2/BalancingData/Weapons/Ranged/Rifles/SportingRifle/DA_RangedWeaponArchetype_SportingRifle.DA_RangedWeaponArchetype_SportingRifle
DA_InventoryCategory_Weapons,MeleeWeaponArchetype,DA_MeleeWeaponArchetype_SteelPipe,STEEL PIPE,1,0,0,0,0,0,/Game/DI2/BalancingData/Weapons/Melee/Clubs/SteelPipe/DA_MeleeWeaponArchetype_SteelPipe.DA_MeleeWeaponArchetype_SteelPipe
DA_InventoryCategory_Weapons,MeleeWeaponArchetype,DA_MeleeWeaponArchetype_Rebar,STEEL REBAR,1,0,0,0,0,0,/Game/DI2/BalancingData/Weapons/Melee/Clubs/Rebar/DA_MeleeWeaponArchetype_Rebar.DA_MeleeWeaponArchetype_Rebar
DA_InventoryCategory_Throwables,ThrowingWeaponArchetype,DA_ThrowingWeaponArchetype_StickyBomb,STICKY BOMB,0,0,1,0,0,0,/Game/DI2/BalancingData/Weapons/Throwable/StickyBomb/DA_ThrowingWeaponArchetype_StickyBomb.DA_ThrowingWeaponArchetype_StickyBomb
DA_InventoryCategory_Recipes,RecipeArchetype,DA_RecipeArchetype_WeaponPerk_EXP1_MakeItCount,STOPPING POWER PERK,0,0,1,1,0,0,/Game/DI2/Expansion01/Items/Pickups/WeaponPerks/DA_RecipeArchetype_WeaponPerk_EXP1_MakeItCount.DA_RecipeArchetype_WeaponPerk_EXP1_MakeItCount
DA_InventoryCategory_Recipes,RecipeArchetype,DA_RecipeArchetype_ImpactMod_Melee_Level3,SUPERIOR MELEE IMPACTOR MOD,0,0,1,0,0,0,/Game/DI2/Items/Pickups/WeaponMods/DA_RecipeArchetype_ImpactMod_Melee_Level3.DA_RecipeArchetype_ImpactMod_Melee_Level3
DA_InventoryCategory_Recipes,RecipeArchetype,DA_RecipeArchetype_TearingMod_Melee_Level3,SUPERIOR MELEE MUTILATOR MOD,0,0,1,0,0,0,/Game/DI2/Items/Pickups/WeaponMods/DA_RecipeArchetype_TearingMod_Melee_Level3.DA_RecipeArchetype_TearingMod_Melee_Level3
DA_InventoryCategory_Recipes,RecipeArchetype,DA_RecipeArchetype_BleedMod_Melee_Level3,SUPERIOR MELEE PUNCTURATOR MOD,0,0,1,0,0,0,/Game/DI2/Items/Pickups/WeaponMods/DA_RecipeArchetype_BleedMod_Melee_Level3.DA_RecipeArchetype_BleedMod_Melee_Level3
DA_InventoryCategory_Recipes,RecipeArchetype,DA_RecipeArchetype_FireMod_Ranged_Level3,SUPERIOR RANGED CREMATOR MOD,0,0,1,0,0,0,/Game/DI2/Items/Pickups/WeaponMods/DA_RecipeArchetype_FireMod_Ranged_Level3.DA_RecipeArchetype_FireMod_Ranged_Level3
DA_InventoryCategory_Recipes,RecipeArchetype,DA_RecipeArchetype_ImpactMod_Ranged_Level3,SUPERIOR RANGED IMPACTOR MOD,0,0,1,0,0,0,/Game/DI2/Items/Pickups/WeaponMods/DA_RecipeArchetype_ImpactMod_Ranged_Level3.DA_RecipeArchetype_ImpactMod_Ranged_Level3
DA_InventoryCategory_Ingredients,ItemArchetype,DA_ItemArchetype_Ingredients_SyntheticFibres,SYNTHETIC FIBERS,0,99,1,0,0,0,/Game/DI2/BalancingData/Pickups/Ingredients/SyntheticFibres/DA_ItemArchetype_Ingredients_SyntheticFibres.DA_ItemArchetype_Ingredients_SyntheticFibres
DA_InventoryCategory_Weapons,MeleeWeaponArchetype,DA_MeleeWeaponArchetype_PremiumGolfClub,Skull Driver,1,0,0,1,0,0,/Game/DI2/DLCPack02/BalancingData/Weapons/DA_MeleeWeaponArchetype_PremiumGolfClub.DA_MeleeWeaponArchetype_PremiumGolfClub
DA_InventoryCategory_Recipes,RecipeArchetype,DA_RecipeArchetype_WeaponPerk_IncreaseReloadSpeedOnWeaponKill,TACTICAL RELOAD PERK,0,0,1,0,0,0,/Game/DI2/Items/Pickups/WeaponPerks/DA_RecipeArchetype_WeaponPerk_IncreaseReloadSpeedOnWeaponKill.DA_RecipeArchetype_WeaponPerk_IncreaseReloadSpeedOnWeaponKill
DA_InventoryCategory_Weapons,MeleeWeaponArchetype,DA_MeleeWeaponArchetype_TacticalSword,TACTICAL SWORD,1,0,0,0,0,0,/Game/DI2/BalancingData/Weapons/Melee/Swords/TacticalSword/DA_MeleeWeaponArchetype_TacticalSword.DA_MeleeWeaponArchetype_TacticalSword
DA_InventoryCategory_Weapons,MeleeWeaponArchetype,DA_MeleeWeaponArchetype_Legendary2HSword,THE ONE,1,0,0,0,0,0,/Game/DI2/BalancingData/Weapons/Melee/Swords/Claymore/Legendary/DA_MeleeWeaponArchetype_Legendary2HSword.DA_MeleeWeaponArchetype_Legendary2HSword
DA_InventoryCategory_Weapons,MeleeWeaponArchetype,DA_MeleeWeaponArchetype_Named_Tenderiser,THE TENDERIZER,1,0,0,0,0,0,/Game/DI2/BalancingData/Weapons/Melee/Named/Tenderiser/DA_MeleeWeaponArchetype_Named_Tenderiser.DA_MeleeWeaponArchetype_Named_Tenderiser
DA_InventoryCategory_Weapons,MeleeWeaponArchetype,DA_MeleeWeaponArchetype_TireIron,TIRE IRON,1,0,0,0,0,0,/Game/DI2/BalancingData/Weapons/Melee/Clubs/TireIron/DA_MeleeWeaponArchetype_TireIron.DA_MeleeWeaponArchetype_TireIron
DA_InventoryCategory_Ingredients,ItemArchetype,DA_ItemArchetype_ExoticMaterials_ToxicGallbladder,TOXIC GALLBLADDER,0,99,1,0,0,0,/Game/DI2/BalancingData/Pickups/ExoticIngredients/ToxicGallbladder/DA_ItemArchetype_ExoticMaterials_ToxicGallbladder.DA_ItemArchetype_ExoticMaterials_ToxicGallbladder
DA_InventoryCategory_Weapons,MeleeWeaponArchetype,DA_MeleeWeaponArchetype_NamedPreorderDagger,TRICKSTER'S SMILE,1,0,0,1,0,0,/Game/DI2/BalancingData/Weapons/Melee/Named/NamedPreorderDagger/DA_MeleeWeaponArchetype_NamedPreorderDagger.DA_MeleeWeaponArchetype_NamedPreorderDagger
DA_InventoryCategory_Weapons,MeleeWeaponArchetype,DA_MeleeWeaponArchetype_Chakram,The Devil's Horseshoes,1,0,0,1,0,0,/Game/DI2/DLCPack05/BalancingData/Weapons/DA_MeleeWeaponArchetype_Chakram.DA_MeleeWeaponArchetype_Chakram
DA_InventoryCategory_Weapons,MeleeWeaponArchetype,DA_MeleeWeaponArchetype_PremiumBowieKnife,The Old Man,1,0,0,1,0,0,/Game/DI2/DLCPack06/BalancingData/Weapons/DA_MeleeWeaponArchetype_PremiumBowieKnife.DA_MeleeWeaponArchetype_PremiumBowieKnife
DA_InventoryCategory_Recipes,RecipeArchetype,DA_RecipeArchetype_FireMod_Melee_Level1,UNCOMMON MELEE CREMATOR MOD,0,0,1,0,0,0,/Game/DI2/Items/Pickups/WeaponMods/DA_RecipeArchetype_FireMod_Melee_Level1.DA_RecipeArchetype_FireMod_Melee_Level1
DA_InventoryCategory_Recipes,RecipeArchetype,DA_RecipeArchetype_ShockMod_Melee_Level1,UNCOMMON MELEE ELECTROCUTOR MOD,0,0,1,0,0,0,/Game/DI2/Items/Pickups/WeaponMods/DA_RecipeArchetype_ShockMod_Melee_Level1.DA_RecipeArchetype_ShockMod_Melee_Level1
DA_InventoryCategory_Recipes,RecipeArchetype,DA_RecipeArchetype_ImpactMod_Melee_Level1,UNCOMMON MELEE IMPACTOR MOD,0,0,1,0,0,0,/Game/DI2/Items/Pickups/WeaponMods/DA_RecipeArchetype_ImpactMod_Melee_Level1.DA_RecipeArchetype_ImpactMod_Melee_Level1
DA_InventoryCategory_Recipes,RecipeArchetype,DA_RecipeArchetype_AcidMod_Melee_Level1,UNCOMMON MELEE LIQUIDATOR MOD,0,0,1,0,0,0,/Game/DI2/Items/Pickups/WeaponMods/DA_RecipeArchetype_AcidMod_Melee_Level1.DA_RecipeArchetype_AcidMod_Melee_Level1
DA_InventoryCategory_Recipes,RecipeArchetype,DA_RecipeArchetype_TearingMod_Melee_Level1,UNCOMMON MELEE MUTILATOR MOD,0,0,1,0,0,0,/Game/DI2/Items/Pickups/WeaponMods/DA_RecipeArchetype_TearingMod_Melee_Level1.DA_RecipeArchetype_TearingMod_Melee_Level1
DA_InventoryCategory_Recipes,RecipeArchetype,DA_RecipeArchetype_BleedMod_Melee_Level1,UNCOMMON MELEE PUNCTURATOR MOD,0,0,1,0,0,0,/Game/DI2/Items/Pickups/WeaponMods/DA_RecipeArchetype_BleedMod_Melee_Level1.DA_RecipeArchetype_BleedMod_Melee_Level1
DA_InventoryCategory_Recipes,RecipeArchetype,DA_RecipeArchetype_FireMod_Ranged_Level1,UNCOMMON RANGED CREMATOR MOD,0,0,1,0,0,0,/Game/DI2/Items/Pickups/WeaponMods/DA_RecipeArchetype_FireMod_Ranged_Level1.DA_RecipeArchetype_FireMod_Ranged_Level1
DA_InventoryCategory_Recipes,RecipeArchetype,DA_RecipeArchetype_ShockMod_Ranged_Level1,UNCOMMON RANGED ELECTROCUTOR MOD,0,0,1,0,0,0,/Game/DI2/Items/Pickups/WeaponMods/DA_RecipeArchetype_ShockMod_Ranged_Level1.DA_RecipeArchetype_ShockMod_Ranged_Level1
DA_InventoryCategory_Recipes,RecipeArchetype,DA_RecipeArchetype_ImpactMod_Ranged_Level1,UNCOMMON RANGED IMPACTOR MOD,0,0,1,0,0,0,/Game/DI2/Items/Pickups/WeaponMods/DA_RecipeArchetype_ImpactMod_Ranged_Level1.DA_RecipeArchetype_ImpactMod_Ranged_Level1
DA_InventoryCategory_Recipes,RecipeArchetype,DA_RecipeArchetype_AcidMod_Ranged_Level1,UNCOMMON RANGED LIQUIDATOR MOD,0,0,1,0,0,0,/Game/DI2/Items/Pickups/WeaponMods/DA_RecipeArchetype_AcidMod_Ranged_Level1.DA_RecipeArchetype_AcidMod_Ranged_Level1
DA_InventoryCategory_Recipes,RecipeArchetype,DA_RecipeArchetype_TearingMod_Ranged_Level1,UNCOMMON RANGED MUTILATOR MOD,0,0,1,0,0,0,/Game/DI2/Items/Pickups/WeaponMods/DA_RecipeArchetype_TearingMod_Ranged_Level1.DA_RecipeArchetype_TearingMod_Ranged_Level1
DA_InventoryCategory_Recipes,RecipeArchetype,DA_RecipeArchetype_BleedMod_Ranged_Level1,UNCOMMON RANGED PUNCTURATOR MOD,0,0,1,0,0,0,/Game/DI2/Items/Pickups/WeaponMods/DA_RecipeArchetype_BleedMod_Ranged_Level1.DA_RecipeArchetype_BleedMod_Ranged_Level1
DA_InventoryCategory_Recipes,RecipeArchetype,DA_RecipeArchetype_WeaponPerk_Vigilant,VIGILANT PERK,0,0,1,0,0,0,/Game/DI2/Items/Pickups/WeaponPerks/DA_RecipeArchetype_WeaponPerk_Vigilant.DA_RecipeArchetype_WeaponPerk_Vigilant
DA_InventoryCategory_Weapons,MeleeWeaponArchetype,DA_MeleeWeaponArchetype_PremiumImprovSword,Van Flensing,1,0,0,1,0,0,/Game/DI2/DLCPack03/BalancingData/Weapons/DA_MeleeWeaponArchetype_PremiumImprovSword.DA_MeleeWeaponArchetype_PremiumImprovSword
DA_InventoryCategory_Weapons,MeleeWeaponArchetype,DA_MeleeWeaponArchetype_Wakizashi,WAKIZASHI,1,0,0,0,0,0,/Game/DI2/BalancingData/Weapons/Melee/Swords/Wakizashi/DA_MeleeWeaponArchetype_Wakizashi.DA_MeleeWeaponArchetype_Wakizashi
DA_InventoryCategory_Recipes,RecipeArchetype,DA_RecipeArchetype_WeaponPerk_IncreaseForceAndReducedAttackSpeed,WEIGHTED PERK,0,0,1,0,0,0,/Game/DI2/Items/Pickups/WeaponPerks/DA_RecipeArchetype_WeaponPerk_IncreaseForceAndReducedAttackSpeed.DA_RecipeArchetype_WeaponPerk_IncreaseForceAndReducedAttackSpeed
DA_InventoryCategory_Weapons,MeleeWeaponArchetype,DA_MeleeWeaponArchetype_WhisperingBlade,WHISPERING BLADE,1,0,0,0,0,0,/Game/DI2/BalancingData/Weapons/Melee/Swords/WhisperingBlade/DA_MeleeWeaponArchetype_WhisperingBlade.DA_MeleeWeaponArchetype_WhisperingBlade
DA_InventoryCategory_Weapons,MeleeWeaponArchetype,DA_MeleeWeaponArchetype_NamedFireAxe,WILDSTYLE,1,0,0,0,0,0,/Game/DI2/BalancingData/Weapons/Melee/Named/NamedFireAxe/DA_MeleeWeaponArchetype_NamedFireAxe.DA_MeleeWeaponArchetype_NamedFireAxe
DA_InventoryCategory_Ingredients,ItemArchetype,DA_ItemArchetype_Ingredients_Wire,WIRE,0,99,1,0,0,0,/Game/DI2/BalancingData/Pickups/Ingredients/Wire/DA_ItemArchetype_Ingredients_Wire.DA_ItemArchetype_Ingredients_Wire
DA_InventoryCategory_Weapons,MeleeWeaponArchetype,DA_MeleeWeaponArchetype_PrologueWeapon_WreckageHammer,WRECKAGE HAMMER,1,0,0,0,0,0,/Game/DI2/BalancingData/Weapons/Prologue/WreckageHammer/DA_MeleeWeaponArchetype_PrologueWeapon_WreckageHammer.DA_MeleeWeaponArchetype_PrologueWeapon_WreckageHammer
DA_InventoryCategory_Weapons,MeleeWeaponArchetype,DA_MeleeWeaponArchetype_FirstWeapon_Prologue,WRECKAGE MACHETE,1,0,0,0,0,0,/Game/DI2/BalancingData/Weapons/Prologue/DA_MeleeWeaponArchetype_FirstWeapon_Prologue.DA_MeleeWeaponArchetype_FirstWeapon_Prologue
DA_InventoryCategory_Weapons,MeleeWeaponArchetype,DA_MeleeWeaponArchetype_NamedExtNightStick,ZOM-B-GON,1,0,0,0,0,0,/Game/DI2/BalancingData/Weapons/Melee/Named/NamedExtNightStick/DA_MeleeWeaponArchetype_NamedExtNightStick.DA_MeleeWeaponArchetype_NamedExtNightStick
DA_InventoryCategory_Weapons,MeleeWeaponArchetype,DA_MeleeWeaponArchetype_ZombieAxe,ZOMBIE AXE,1,0,0,0,0,0,/Game/DI2/BalancingData/Weapons/Melee/Axes/ZombieAxe/DA_MeleeWeaponArchetype_ZombieAxe.DA_MeleeWeaponArchetype_ZombieAxe
DA_InventoryCategory_Weapons,MeleeWeaponArchetype,DA_MeleeWeaponArchetype_ZombieSword,ZOMBIE SWORD,1,0,0,0,0,0,/Game/DI2/BalancingData/Weapons/Melee/Swords/ZombieSword/DA_MeleeWeaponArchetype_ZombieSword.DA_MeleeWeaponArchetype_ZombieSword
DA_InventoryCategory_Weapons,MeleeWeaponArchetype,DA_MeleeWeaponArchetype_ZombieSword_Fire,ZOMBIE SWORD,1,0,0,0,0,0,/Game/DI2/BalancingData/Weapons/Melee/Swords/ZombieSword/PreModded/DA_MeleeWeaponArchetype_ZombieSword_Fire.DA_MeleeWeaponArchetype_ZombieSword_Fire
DA_InventoryCategory_Weapons,MeleeWeaponArchetype,DA_MeleeWeaponArchetype_ZombieSword_Acid,ZOMBIE SWORD,1,0,0,0,0,0,/Game/DI2/BalancingData/Weapons/Melee/Swords/ZombieSword/PreModded/DA_MeleeWeaponArchetype_ZombieSword_Acid.DA_MeleeWeaponArchetype_ZombieSword_Acid
